마케팅팀,대리점코드,대리점명,매장코드,매장명,지원매장구분,MC Info,매장상세유형,매장특성구분,매장평수,주소,개설일
서대구마케팅팀,D33125,대구대동대리점,D331250000,대구대동대리점 본점,자가매장,,직영매장,,35,대구 수성구 명덕로 428 (수성동2가) (수성시장네거리),1994-06-15
서대구마케팅팀,D33138,경북성주대리점,D331380000,경북성주대리점 본점,자가매장,,직영매장,,15,경북 성주군 성주읍 성주읍3길 15 (),1994-10-13
서대구마케팅팀,D33152,대구교동대리점,D331520102,대구교동대리점 본점,자가매장,,직영매장,T world 2.0,16,"대구 중구 교동2길 24, (교동)",2015-09-09
서대구마케팅팀,D33178,유진대리점,D331780000,유진대리점 본점,자가매장,,직영매장,,20,"대구 중구 명덕로 189, (남산동)",2007-03-14
서대구마케팅팀,D33178,유진대리점,D331780001,유진대리점 도매사무실,자가매장,,,,58,"대구 중구 명덕로 189, (남산동)",2007-03-20
서대구마케팅팀,D33178,유진대리점,D331780008,유진대리점 포항직영점,자가매장,,직영매장,T world 2.0,13,"경북 포항시 북구 죽도로 28, 1층 (죽도동)",2022-12-08
서대구마케팅팀,D33178,유진대리점,D331780009,유진대리점 경주시청점,자가매장,,직영매장,T world 2.0,30,경북 경주시 양정로 218 (동천동) 1층 SK텔레콤,2025-08-12
서대구마케팅팀,D33270,대구교보대리점,D332700060,대구교보대리점 본점,자가매장,,직영매장,T world 2.0,28,대구 서구 서대구로 318 1층,2014-03-24
서대구마케팅팀,D33304,대구만평대리점,D333040044,대구만평대리점 성서점,자가매장,,외부위탁_운영,,33,"대구 달서구 성서로 414 (이곡동) 메가스타 102,103호",2009-07-14
서대구마케팅팀,D33304,대구만평대리점,D333040047,대구만평대리점 태전점,자가매장,,외부위탁_운영,,13,"대구 북구 학정로7길 2, 106호 (태전동,태전남향아파트)",2011-03-04
서대구마케팅팀,D33304,대구만평대리점,D333040050,대구만평대리점 동천점,자가매장,,직영매장,T world 2.0,30,대구 북구 대천로 93 (동천동),2012-04-30
서대구마케팅팀,D33304,대구만평대리점,D333040054,대구만평대리점 본점,자가매장,,외부위탁_운영,T world 2.0,40,대구 서구 서대구로 353 (비산동),2013-02-22
서대구마케팅팀,D33304,대구만평대리점,D333040055,대구만평대리점 소매사무실,자가매장,,,T world 2.0,30,대구 서구 서대구로 353 (비산동),2013-04-24
서대구마케팅팀,D33304,대구만평대리점,D333040058,대구만평대리점 화원점,자가매장,,외부위탁_운영,T world 2.0,20,대구 달성군 화원읍 비슬로 2550-1 (SKTELECOM),2013-11-04
서대구마케팅팀,D33304,대구만평대리점,D333040062,대구만평대리점 사월점,자가매장,,외부위탁_운영,T world 2.0,20,"대구 수성구 달구벌대로 3294, 101호(신매동,시지퍼스트)",2014-08-28
서대구마케팅팀,D33304,대구만평대리점,D333040066,대구만평대리점 용지점,자가매장,,외부위탁_운영,T world smart,22,"대구 수성구 범안로 70, (범물동,동원빌딩)",2017-03-30
서대구마케팅팀,D33304,대구만평대리점,D333040067,대구만평대리점 지산점,자가매장,,외부위탁_운영,T world 2.0,18,"대구 수성구 지산로 53, (지산동)",2017-09-29
서대구마케팅팀,D33304,대구만평대리점,D333040069,대구만평대리점 신월성점,자가매장,,외부위탁_운영,T world 2.0,16,"대구 달서구 조암로 4, (월성동,그루메디컬빌딩)",2018-04-19
서대구마케팅팀,D33304,대구만평대리점,D333040071,대구만평대리점 경산점,자가매장,,외부위탁_운영,구독특화,34,"경북 경산시 중앙로 91 (중방동,대행빌딩)",2020-06-22
서대구마케팅팀,D33304,대구만평대리점,D333040072,대구만평대리점 이시아점,자가매장,,외부위탁_운영,T world 2.0,15,"대구 동구 팔공로51길 11, 1동 105호(봉무동)",2020-08-27
서대구마케팅팀,D33304,대구만평대리점,D333040073,대구만평대리점 수성점,자가매장,,외부위탁_운영,T world 2.0,19,"대구 수성구 명덕로 455, 101동 109호(수성동3가,수성3가롯데캐슬아파트)",2020-08-27
서대구마케팅팀,D33304,대구만평대리점,D333040075,대구만평대리점 구암점,자가매장,,외부위탁_운영,T world 2.0,15,"대구 북구 구암로 150, (구암동)",2022-01-04
서대구마케팅팀,D33304,대구만평대리점,D333040076,대구만평대리점 장기점,자가매장,,외부위탁_운영,T world 2.0,26,"대구 달서구 용산로 68, 1층 1호(장기동)",2022-01-04
서대구마케팅팀,D33304,대구만평대리점,D333040080,대구만평대리점 소매사무실(2),자가매장,,직영매장,T world smart,24,"대구 서구 서대구로 353, 2층 (비산동)",2023-01-10
서대구마케팅팀,D33304,대구만평대리점,D333040083,대구만평대리점 소매사무실(3),자가매장,,직영매장,T world 2.0,24,"대구 서구 서대구로 353, 2층 (비산동)",2024-09-02
서대구마케팅팀,D33308,경북고령대리점,D333080000,경북고령대리점 본점,자가매장,,직영매장,,12,경북 고령군 고령읍 연조길 2 (),1997-07-01
서대구마케팅팀,D33308,경북고령대리점,D333080041,경북고령대리점 중앙로직영점,자가매장,,직영매장,T world 2.0,40,경북 고령군 고령읍 시장길 2 (),2012-05-21
서대구마케팅팀,D33324,대구가야대리점,D333240103,대구가야대리점 도매사무실,자가매장,,,,5,"대구 달서구 달구벌대로 1670, 6층 (두류동,광산빌딩)",2005-09-30
서대구마케팅팀,D33324,대구가야대리점,D333240125,대구가야대리점 효목점,자가매장,,외부위탁_운영,,23,대구 동구 아양로50길 119 (효목동) (효목시장 안),2009-06-23
서대구마케팅팀,D33324,대구가야대리점,D333240126,대구가야대리점 신암직영점,자가매장,,외부위탁_운영,T Premium Store,25,대구 동구 아양로 50 (신암동),2009-12-10
서대구마케팅팀,D33324,대구가야대리점,D333240127,대구가야대리점 감삼 본점,자가매장,,외부위탁_운영,,33,대구 달서구 달구벌대로 1670 (두류동) (감삼네거리),2010-04-29
서대구마케팅팀,D33324,대구가야대리점,D333240129,대구가야대리점 향군회관점,자가매장,,외부위탁_운영,,15,"대구 달서구 달구벌대로 1491, 2호 (용산동,지하철) 선 용산역",2010-07-14
서대구마케팅팀,D33324,대구가야대리점,D333240130,대구가야대리점 성당점,자가매장,,외부위탁_운영,,12,대구 달서구 당산로 90 (성당동),2010-07-23
서대구마케팅팀,D33324,대구가야대리점,D333240138,대구가야대리점 용산점,자가매장,,외부위탁_운영,T world 2.0,25,"대구 달서구 선원로 264, 1층 (용산동,심계빌딩)",2013-05-16
서대구마케팅팀,D33324,대구가야대리점,D333240141,대구가야대리점 동구시장점,자가매장,,외부위탁_운영,T world 2.0,26,"대구 동구 효목로 41 (효목동,이례빌딩)",2014-03-25
서대구마케팅팀,D33324,대구가야대리점,D333240148,대구가야대리점 수성점,자가매장,,외부위탁_운영,T world 2.0,25,"대구 수성구 명덕로 388, (수성동1가)",2018-02-21
서대구마케팅팀,D33324,대구가야대리점,D333240150,대구가야대리점 대현동TPS,자가매장,,직영매장,T Premium Store,42,"대구 북구 대현로 100, (대현동,재경빌딩)",2018-08-13
서대구마케팅팀,D33324,대구가야대리점,D333240151,대구가야대리점 칠곡3지구점,자가매장,,외부위탁_운영,T Premium Store,26,"대구 북구 동천로24길 9, 1층 104호 (동천동)",2019-03-22
서대구마케팅팀,D33324,대구가야대리점,D333240154,대구가야대리점 영양점,자가매장,,외부위탁_운영,T world 2.0,15,"경북 영양군 영양읍 중앙로 135, 1층",2021-02-16
서대구마케팅팀,D33324,대구가야대리점,D333240157,대구가야대리점 내당점,자가매장,,직영매장,TPS 2.0,25,대구 서구 달구벌대로361길 1 1층 106호 N타워(내당동),2022-07-05
서대구마케팅팀,D33324,대구가야대리점,D333240158,대구가야대리점 대곡점,자가매장,,외부위탁_운영,T world smart,15,"대구 달서구 한실로 137, (도원동)",2025-05-13
서대구마케팅팀,D33427,성공대리점,D334270006,성공대리점 이곡점,자가매장,,직영매장,,12,"대구 달서구 이곡공원로 17, 1층(이곡동) 우측",2010-05-27
서대구마케팅팀,D33430,서부대리점,D334300000,서부대리점 본점,자가매장,,직영매장,,30,"대구 서구 국채보상로 280, (평리동)",1997-03-01
서대구마케팅팀,D33500,성당시장대리점,D335000000,성당시장대리점 본점,자가매장,,직영매장,,40,대구 달서구 성당로 189 (성당동),2002-11-01
서대구마케팅팀,D33500,성당시장대리점,D335000032,성당시장대리점 소매사무실,자가매장,,직영매장,T world 2.0,10,"대구 달서구 성당로 189, (성당동) 성당동 신화빌딩",2024-12-11
서대구마케팅팀,D33505,TGP대리점,D335050105,TGP대리점 방촌직영점,자가매장,,외부위탁_자영,,30,대구 동구 동촌로 213 (방촌동) (방촌시장 앞),2006-10-25
서대구마케팅팀,D33506,SK중앙대리점,D335060000,SK중앙대리점 본점,자가매장,,직영매장,,17,대구 달서구 장기로 80 (성당동),2003-07-03
서대구마케팅팀,D33537,BIZ대리점,D335370000,BIZ대리점(본점),자가매장,,,,0,대구 달서구 한들로 23 (장기동),2005-01-25
서대구마케팅팀,D33545,한미대리점,D335450000,한미대리점 본점,자가매장,,외부위탁_운영,,25,대구 서구 서대구로 184 (평리동),2005-09-22
서대구마케팅팀,D33545,한미대리점,D335450011,한미대리점 남구청점,자가매장,,외부위탁_운영,T world 2.0,74,대구 남구 이천로 39 (봉덕동),2012-10-23
서대구마케팅팀,D33545,한미대리점,D335450014,한미대리점 복현점,자가매장,,외부위탁_운영,T world 2.0,44,대구 북구 동북로 262 (복현동),2013-07-05
서대구마케팅팀,D33545,한미대리점,D335450016,한미대리점 소매사무실,자가매장,,,T world 2.0,37,"대구 남구 대명로 165, (대명동) 1층",2013-10-10
서대구마케팅팀,D33545,한미대리점,D335450031,한미대리점 칠곡점,자가매장,,외부위탁_운영,T world 2.0,37,"대구 북구 칠곡중앙대로 455, (관음동,관음빌딩)",2019-04-15
서대구마케팅팀,D33545,한미대리점,D335450034,한미대리점 안지랑점,자가매장,,외부위탁_운영,TPS 2.0,30,대구 남구 대명로 165 1층 (대명동),2023-08-11
서대구마케팅팀,D33545,한미대리점,D335450035,한미대리점 대곡점,투자매장,MC00121326,외부위탁_운영,T world smart,53,"대구 달서구 비슬로 2720, 1층 (대곡동) 대곡빌딩",2024-04-15
서대구마케팅팀,D33545,한미대리점,D335450036,한미대리점 월배점,투자매장,MC00164422,직영매장,T world 2.0,45,"대구 달서구 월배로 174, (상인동)",2025-03-27
서대구마케팅팀,D33564,달성대리점,D335640000,달성대리점 본점,자가매장,,직영매장,,17,대구 달서구 월배로 22 (진천동),2007-05-09
서대구마케팅팀,D33584,한결대리점,D335840001,한결대리점 본점,자가매장,,직영매장,,50,대구 달서구 월배로 385 (송현동),2008-12-12
서대구마케팅팀,D33606,메트로대리점,D336060000,메트로대리점 본점,자가매장,,외부위탁_운영,,30,대구 북구 칠곡중앙대로 481 대구 북구 칠곡중앙대로 481(관음동),2009-07-23
서대구마케팅팀,D33606,메트로대리점,D336060004,메트로대리점 도매사무실,자가매장,,,,100,"대구 남구 앞산순환로 545, (대명동,아비타)",2009-07-27
서대구마케팅팀,D33606,메트로대리점,D336060019,메트로대리점 현풍직영점,자가매장,,외부위탁_운영,T world 2.0,20,"대구 달성군 현풍면 현풍중앙로 22, 1동(베스타)",2014-01-09
서대구마케팅팀,D33606,메트로대리점,D336060020,메트로대리점 죽곡점,자가매장,,외부위탁_운영,T Premium Store,45,"대구 달성군 다사읍 대실역남로 34, 101동 101호 (태양빌딩) SK텔레콤",2014-01-15
서대구마케팅팀,D33606,메트로대리점,D336060031,메트로대리점 진량직영점,자가매장,,외부위탁_운영,T world 2.0,54,"경북 경산시 진량읍 봉황길 8, 1층 ()",2019-04-02
서대구마케팅팀,D33606,메트로대리점,D336060034,메트로대리점 논공점,자가매장,,외부위탁_운영,TPS 2.0,20,"대구 달성군 논공읍 논공로 742-1, 1층",2021-02-24
서대구마케팅팀,D33606,메트로대리점,D336060035,메트로대리점 칠곡3지구점,자가매장,,외부위탁_운영,TPS 2.0,30,"대구 북구 구암로65길 2, 대구 광역시 북구 구암동 784-5",2022-06-21
서대구마케팅팀,D33606,메트로대리점,D336060036,메트로대리점 지산점,투자매장,MC00094366,직영매장,T world cafe,54,대구 수성구 용학로 200 (지산동),2022-12-12
서대구마케팅팀,D33606,메트로대리점,D336060037,메트로대리점 평리점,자가매장,,외부위탁_운영,T world 2.0,16,"대구 서구 국채보상로50길 20, 상가동 104호(평리동,평리푸르지오)",2023-01-20
서대구마케팅팀,D33631,퓨쳐대리점,D336310002,퓨쳐대리점 본점,자가매장,,직영매장,,26,"대구 수성구 수성로 400, 108호 (수성동4가,수성우방팔레스상가) (지하철 대구은행역)",2010-09-24
서대구마케팅팀,D33660,챌린저,D336600000,챌린저대리점 본점,자가매장,,외부위탁_운영,T Premium Store,80,"대구 동구 아양로 200, 1층 (효목동,성원빌딩)",2013-01-18
서대구마케팅팀,D33660,챌린저,D336600003,챌린저대리점 매천점,자가매장,,외부위탁_운영,,17,"대구 북구 매전로4길 41, (매천동)",2013-01-18
서대구마케팅팀,D33660,챌린저,D336600006,챌린저 소매사무실,자가매장,,,,88,"대구 동구 아양로 200 (효목동,성원빌딩)1층 102호",2013-01-18
서대구마케팅팀,D33660,챌린저,D336600008,챌린저대리점 죽전점,자가매장,,외부위탁_운영,T world cafe,35,"대구 달서구 달구벌대로 1530, 301동 115호(감삼동,브리티시용산)",2013-05-24
서대구마케팅팀,D33660,챌린저,D336600009,챌린저대리점 상인점,자가매장,,외부위탁_운영,T world 2.0,14,"대구 달서구 상인서로 46, 110동 101호 (상인동,상인서한타운)",2013-06-07
서대구마케팅팀,D33660,챌린저,D336600012,챌린저대리점 송현점,자가매장,,외부위탁_운영,T world 2.0,28,"대구 달서구 학산로 204 (송현동,대영전자총판)",2015-02-13
서대구마케팅팀,D33660,챌린저,D336600015,챌린저대리점 신서점,자가매장,,외부위탁_운영,T world 2.0,33,대구 동구 경안로 848 101호(각산동),2015-12-28
서대구마케팅팀,D33660,챌린저,D336600017,챌린저대리점 현풍점,자가매장,,외부위탁_운영,T world 2.0,17,대구 달성군 유가면 테크노상업로4길 7-4 (),2016-12-05
서대구마케팅팀,D33660,챌린저,D336600021,챌린저대리점 대림점,자가매장,,외부위탁_자영,TPS 2.0,20,"대구 동구 메디밸리로 19, 107호(대림동) 1층",2020-08-13
서대구마케팅팀,D33660,챌린저,D336600022,챌린저대리점 동호점,투자매장,MC00094691,외부위탁_운영,T world 2.0,30,"대구 동구 안심로 370 (신서동,욱일빌딩)",2022-08-02
서대구마케팅팀,D33660,챌린저,D336600023,챌린저대리점 도원점,투자매장,"MC00065192 , MC00112989",외부위탁_운영,T world 2.0,25,"대구 달서구 도원로 30 (도원동,대곡프라자) 106호, 107호",2024-03-06
서대구마케팅팀,D33660,챌린저,D336600024,챌린저대리점 월촌점,자가매장,,외부위탁_운영,T world 2.0,30,"대구 달서구 월배로 323, (송현동)",2025-07-31
서대구마케팅팀,D33661,대구도원대리점,D336610007,대구도원대리점 본점,자가매장,,직영매장,T world 2.0,30,"대구 서구 서대구로 86, (평리동,승일빌딩) 1층 좌측 두번째",2019-04-01
서대구마케팅팀,D33678,프렌즈대리점,D336780002,프렌즈대리점 도매사무실,자가매장,,,,90,"대구 남구 성당로 70-1, (대명동) 2층",2014-03-21
서대구마케팅팀,D33678,프렌즈대리점,D336780004,프렌즈대리점 남산점,자가매장,,직영매장,T world 2.0,10,"대구 중구 달구벌대로 1955, 101동 (대신동,대신센트럴자이) 상가 SK텔레콤 프렌즈대리점",2014-03-21
서대구마케팅팀,D33684,일랙대리점,D336840000,일랙대리점 본점,자가매장,,직영매장,,22,"대구 달서구 송현로 46 (송현동,화랑수련원)",2014-05-01
서대구마케팅팀,D33689,Phone&Love텔레콤,D336890000,Phone&Love텔레콤 화원직영점,자가매장,,직영매장,,18,대구 달성군 화원읍 비슬로 2569-4 (),2014-07-09
서대구마케팅팀,D33717,써니 대리점,D337170000,써니 대리점 본점,자가매장,,직영매장,,15,"대구 북구 복현로 71, 상가동104호(복현동,블루밍브라운스톤명문세가1단지아파트)",2016-03-16
서대구마케팅팀,D33718,범어대리점,D337180000,범어대리점 본점,자가매장,,직영매장,,18,"대구 수성구 수성로 379 (수성동1가,SK수성빌딩)",2016-03-16
서대구마케팅팀,D33722,동행대리점,D337220002,동행대리점 도매사무실,자가매장,,,T world 2.0,27,대구 북구 유통단지로 16 (산격동) 상가 22-1동 2층 202호,2016-11-17
서대구마케팅팀,D33722,동행대리점,D337220006,동행대리점 대명점,자가매장,,외부위탁_자영,T world 2.0,25,"대구 남구 대명로 56, (대명동,S.K텔레콤)",2016-11-17
서대구마케팅팀,D33727,백색대리점,D337270000,백색대리점 본점,자가매장,,외부위탁_운영,TPS 2.0,40,"대구 달서구 상화북로 193, (상인동,송재빌딩)SK텔레콤백색대리점 본점",2020-01-31
서대구마케팅팀,D33727,백색대리점,D337270002,백색대리점 파동직영점,자가매장,,직영매장,T world 2.0,33,"대구 수성구 파동로 109-1, (파동,선영빌딩)",2020-01-31
서대구마케팅팀,D33727,백색대리점,D337270003,백색대리점 봉덕직영점,자가매장,,외부위탁_운영,TPS 2.0,23,"대구 남구 신촌길 57, 403동 B101호",2021-01-18
서대구마케팅팀,D33727,백색대리점,D337270004,백색대리점 대명직영점,자가매장,,외부위탁_운영,TPS 2.0,30,대구 중구 명덕로 55 (남산동 2271-9),2022-03-07
서대구마케팅팀,D33727,백색대리점,D337270005,백색대리점 평리직영점,자가매장,,외부위탁_운영,TPS 2.0,31,"대구 서구 국채보상로 294, 엠타워 1층 (평리동)",2022-12-05
서대구마케팅팀,D33727,백색대리점,D337270006,백색대리점 칠곡직영점,투자매장,MC00082196,외부위탁_운영,T Premium Store,54,대구 북구 동천로 127 북구 동천동 902-2 1층,2023-07-13
서대구마케팅팀,D33727,백색대리점,D337270007,백색대리점 소매사무실,자가매장,,직영매장,T world smart,33,"대구 수성구 파동로 109-1, 3층 (파동) 파동 선영빌딩",2023-08-23
서대구마케팅팀,D33727,백색대리점,D337270008,백색대리점 수성직영점,자가매장,,외부위탁_운영,TPS 2.0,18,"대구 수성구 파동로 190, 상가동 001호(파동) 수성더팰리스푸르지오더샵상가101동 101호",2023-12-07
서대구마케팅팀,D33730,오르다T 대리점,D337300000,오르다T 대리점(본점),자가매장,,직영매장,T world 2.0,36,대구 달성군 화원읍 비슬로 2615 1층 오르다T 대리점,2021-08-24
동대구마케팅팀,D33105,대구북구대리점,D331050000,대구북구대리점 본점,자가매장,,직영매장,,25,대구 북구 칠성남로 23 (고성동2가),1992-12-12
동대구마케팅팀,D33105,대구북구대리점,D331050211,대구북구대리점 도매사무실,자가매장,,,,25,대구 북구 칠성남로 23 (고성동2가),2007-10-24
동대구마케팅팀,D33105,대구북구대리점,D331050224,대구북구대리점 비산점,자가매장,,외부위탁_자영,T world 2.0,37,대구 서구 북비산로 327 (비산동) 백두대장정,2012-03-12
동대구마케팅팀,D33114,경주대리점,D331140000,경주대리점 본점,자가매장,,직영매장,,15,"경북 경주시 금성로 242, (노서동)",1992-12-12
동대구마케팅팀,D33116,포항대리점,D331160000,포항대리점 본점,자가매장,,직영매장,,12,경북 포항시 남구 포스코대로 356 (대도동),1992-12-12
동대구마케팅팀,D33148,J&O대리점,D331480012,J&O대리점 강구직영점,자가매장,,외부위탁_자영,,15,경북 영덕군 강구면 동해대로 4503-1호,2002-08-26
동대구마케팅팀,D33148,J&O대리점,D331480061,J&O대리점 오천점,자가매장,,외부위탁_운영,,30,"경북 포항시 남구 오천읍 세계길 34, ()",2008-10-02
동대구마케팅팀,D33148,J&O대리점,D331480066,J&O대리점 현곡점,자가매장,,외부위탁_자영,,19,경북 경주시 현곡면 안현로 6 (),2010-08-06
동대구마케팅팀,D33148,J&O대리점,D331480071,J&O대리점 연일직영점,자가매장,,외부위탁_자영,,10,경북 포항시 남구 연일읍 철강로25번길 42 (),2011-04-28
동대구마케팅팀,D33148,J&O대리점,D331480073,J&O대리점 ICT 양덕점,자가매장,,외부위탁_운영,T world smart,48,경북 포항시 북구 양덕로44번길 2 (양덕동)1752번지,2011-11-24
동대구마케팅팀,D33148,J&O대리점,D331480075,J&O대리점 감포직영점,자가매장,,외부위탁_자영,T world 2.0,15,경북 경주시 감포읍 감포로6길 2 (),2013-04-17
동대구마케팅팀,D33148,J&O대리점,D331480079,J&O대리점 성건직영점,자가매장,,외부위탁_자영,T world smart,30,"경북 경주시 금성로395번길 3, (성건동,서라벌빌딩)",2018-10-25
동대구마케팅팀,D33148,J&O대리점,D331480080,J&O대리점 월변점,자가매장,,외부위탁_자영,T world 2.0,15,"경북 울진군 울진읍 울진중앙로 65, ()",2019-07-04
동대구마케팅팀,D33148,J&O대리점,D331480081,J&O대리점 중앙점,자가매장,,직영매장,TPS 2.0,43,"경북 포항시 북구 중앙로 243, (죽도동)",2020-07-29
동대구마케팅팀,D33169,울진동부대리점,D331690000,울진동부대리점 본점,자가매장,,직영매장,,30,경북 울진군 울진읍 울진중앙로 137 (),1995-10-23
동대구마케팅팀,D33169,울진동부대리점,D331690001,울진동부대리점 죽변점,자가매장,,직영매장,,10,경북 울진군 죽변면 죽변중앙로 157-2 (),1997-04-01
동대구마케팅팀,D33260,신영덕대리점,D332600000,신영덕대리점 본점,자가매장,,외부위탁_운영,,15,경북 영덕군 영덕읍 남석1길 45 (주연컴퓨터),1996-10-01
동대구마케팅팀,D33275,포항동양대리점,D332750000,포항동양대리점 본점,자가매장,,직영매장,,5,경북 포항시 북구 중앙로 260-1 (죽도동),1997-02-25
동대구마케팅팀,D33294,포항북부대리점,D332940000,포항북부대리점 본점,자가매장,,직영매장,,12,경북 포항시 북구 삼호로 57-2 (대신동),1997-05-12
동대구마케팅팀,D33311,경주입실대리점,D333110000,경주입실대리점 본점,자가매장,,직영매장,,20,경북 경주시 외동읍 입실로 80 (),1997-07-15
동대구마케팅팀,D33335,화금대리점,D333350000,화금대리점 본점,자가매장,,직영매장,,20,경북 포항시 남구 포스코대로 322 (상도동),1999-11-26
동대구마케팅팀,D33335,화금대리점,D333350011,화금대리점 오거리직영점,자가매장,,직영매장,,70,경북 포항시 북구 중흥로 341 (죽도동),2001-09-05
동대구마케팅팀,D33335,화금대리점,D333350013,화금대리점 상도동직영점,자가매장,,직영매장,,11,경북 포항시 남구 상공로 58 (상도동),2003-08-25
동대구마케팅팀,D33335,화금대리점,D333350031,화금대리점 도매사무실,자가매장,,,,15,경북 포항시 북구 중흥로 341 (죽도동),2007-07-20
동대구마케팅팀,D33335,화금대리점,D333350033,화금대리점 경주직영점,자가매장,,직영매장,,13,경북 경주시 원효로 117-1 (황오동),2008-06-04
동대구마케팅팀,D33335,화금대리점,D333350036,화금대리점 경주동부점,자가매장,,직영매장,,30,경북 경주시 화랑로 114-1 (동부동),2009-06-02
동대구마케팅팀,D33335,화금대리점,D333350041,화금대리점 장성점,자가매장,,직영매장,,40,경북 포항시 북구 용두산길 38 (두호동),2011-11-18
동대구마케팅팀,D33335,화금대리점,D333350042,화금대리점 해도점,자가매장,,외부위탁_자영,T world 2.0,24,경북 포항시 남구 중앙로 148 (해도동),2012-08-21
동대구마케팅팀,D33335,화금대리점,D333350045,화금대리점 ICT 이동점,자가매장,,직영매장,T world smart,30,"경북 포항시 남구 포스코대로 128 (대잠동,위더스HOF)",2012-11-27
동대구마케팅팀,D33338,청송대리점,D333380003,청송대리점 본점,자가매장,,직영매장,,7,경북 청송군 청송읍 금월로 272 (),2001-10-22
동대구마케팅팀,D33345,동해대리점,D333450000,동해대리점 본점,자가매장,,직영매장,T world 2.0,15,경북 포항시 남구 송도로 31-2 (송도동),2001-03-27
동대구마케팅팀,D33373,반야월대리점,D333730000,반야월대리점 본점,자가매장,,직영매장,,20,대구 동구 율하동로23길 3 (율하동) (주 국민은행 프라임마트 맞은편),1996-10-25
동대구마케팅팀,D33445,울진대리점,D334450000,울진대리점 본점,자가매장,,직영매장,,15,경북 울진군 울진읍 연호로 7 (),1997-06-26
동대구마케팅팀,D33502,다정대리점,D335020000,다정대리점 본점,자가매장,,직영매장,,10,경북 포항시 북구 두호로 18-1 (두호동),2003-02-06
동대구마케팅팀,D33522,이도대리점,D335220008,이도대리점 문덕직영점,자가매장,,직영매장,,36,경북 포항시 남구 오천읍 원동로 10 (),2007-10-30
동대구마케팅팀,D33557,국제,D335570000,국제대리점 중방점,자가매장,,외부위탁_운영,,35,경북 경산시 경안로 198 (중방동),2006-08-02
동대구마케팅팀,D33557,국제,D335570009,국제대리점 청도점,자가매장,,직영매장,,58,"경북 청도군 청도읍 청화로 163, 1층 (시티빌딩)",2011-02-14
동대구마케팅팀,D33558,희망,D335580002,희망대리점 경주황성점,자가매장,,직영매장,,9,경북 경주시 황성로27번길 5 (황성동),2007-03-21
동대구마케팅팀,D33576,다모아대리점,D335760010,다모아대리점 비산점,자가매장,,외부위탁_운영,,10,대구 서구 국채보상로 361 (비산동),2010-08-13
동대구마케팅팀,D33576,다모아대리점,D335760015,다모아대리점 중동점,자가매장,,외부위탁_자영,T world 2.0,18,"대구 수성구 수성로 185, 201동 115호(중동,수성골드클래스더센텀)",2022-01-14
동대구마케팅팀,D33595,대구행복,D335950000,대구행복대리점 본점,자가매장,,직영매장,,23,대구 남구 봉덕로 97 (봉덕동),2009-03-31
동대구마케팅팀,D33609,청도대리점,D336090004,청도대리점 중앙점,자가매장,,직영매장,T world 2.0,21,경북 청도군 청도읍 청화로 139 1층,2021-02-04
동대구마케팅팀,D33647,효성대리점,D336470000,효성대리점 본점,자가매장,,직영매장,,25,경북 포항시 북구 새천년대로 1045 (창포동),2011-06-30
동대구마케팅팀,D33650,독도대리점,D336500000,독도대리점 울릉본점,자가매장,,직영매장,,15,경북 울릉군 울릉읍 울릉순환로 224 (),2012-03-09
동대구마케팅팀,D33659,천연대리점,D336590000,천연대리점 본점,자가매장,,직영매장,,60,"경북 영천시 망정1길 15 (망정동,문선참기름)",2012-12-07
동대구마케팅팀,D33659,천연대리점,D336590004,천연대리점 동해점,자가매장,,직영매장,T world 2.0,12,경북 포항시 남구 동해면 약전리 436-3번지,2015-01-13
동대구마케팅팀,D33673,SM 대리점,D336730002,SM대리점 도매사무실,자가매장,,,,41,대구 수성구 수성동1가 275-6번지,2013-09-25
동대구마케팅팀,D33673,SM 대리점,D336730020,SM대리점 The나눔 양덕점,자가매장,,외부위탁_운영,TPS 2.0,36,"경북 포항시 북구 장량로189번길 11, (양덕동)",2020-05-14
동대구마케팅팀,D33673,SM 대리점,D336730021,SM대리점 압량점,자가매장,,외부위탁_운영,T world 2.0,27,"경북 경산시 압량읍 화랑로 288, ()",2021-03-10
동대구마케팅팀,D33673,SM 대리점,D336730022,SM대리점 칠곡 3지구점,투자매장,MC00129388,외부위탁_운영,T Premium Store,43,"대구 북구 동암로 96 104호, 105호(동천동)",2021-03-24
동대구마케팅팀,D33673,SM 대리점,D336730025,SM대리점 진천점,자가매장,,외부위탁_운영,T world 2.0,20,"대구 달서구 진천로18길 9, 5호(대천동)",2023-08-23
동대구마케팅팀,D33674,라온대리점,D336740003,라온대리점 도매사무실(대구),자가매장,,,T world smart,114,"대구 중구 봉산문화길 49, (봉산동) 봉성빌딩 3층",2013-10-14
동대구마케팅팀,D33674,라온대리점,D336740006,라온대리점 우현점,자가매장,,직영매장,T world 2.0,34,경북 포항시 북구 우창동로 33 우창동로 36,2014-06-27
동대구마케팅팀,D33674,라온대리점,D336740009,라온대리점 도매사무실(포항),자가매장,,,T world 2.0,34,"경북 포항시 북구 우창동로 30, 101호 (우현동) 36 SK텔레콤 우현점",2015-10-29
동대구마케팅팀,D33674,라온대리점,D336740015,라온대리점 효자점,자가매장,,직영매장,T Premium Store,42,"경북 포항시 남구 효성로 14, (효자동,태인빌딩)",2019-10-02
동대구마케팅팀,D33674,라온대리점,D336740016,라온대리점 연경점,자가매장,,직영매장,TPS 2.0,41,"대구 북구 동화천로 245, (연경동)",2020-03-10
동대구마케팅팀,D33674,라온대리점,D336740019,라온대리점 문덕점,자가매장,,외부위탁_운영,TPS 2.0,45,"경북 포항시 남구 오천읍 원동로 53, ()",2020-06-05
동대구마케팅팀,D33674,라온대리점,D336740021,라온대리점 포항센터,투자매장,MC00048324,직영매장,TPS 2.0,36,"경북 포항시 북구 중앙상가길 38, (대흥동)",2023-01-04
동대구마케팅팀,D33674,라온대리점,D336740023,라온대리점 지곡점,자가매장,,외부위탁_운영,T world 2.0,15,"경북 포항시 남구 지곡로 257, 101동 121호(지곡동) 지곡 에드빌",2023-09-13
동대구마케팅팀,D33674,라온대리점,D336740024,라온대리점 경주센터,투자매장,MC00091181,외부위탁_운영,TPS 2.0,50,경북 경주시 중앙로 47 (노동동),2023-11-27
동대구마케팅팀,D33674,라온대리점,D336740025,라온대리점 시지광장센터,투자매장,MC00080365,직영매장,TPS 2.0,20,"대구 수성구 달구벌대로 3200 (신매동,밀레니엄빌딩)",2024-12-12
동대구마케팅팀,D33679,상상대리점,D336790002,상상대리점 도매사무실,자가매장,,,,135,"대구 중구 중앙대로 390 (동성로3가,센트럴엠빌딩) 12층",2014-03-25
동대구마케팅팀,D33679,상상대리점,D336790005,상상대리점 중파직영점,자가매장,,직영매장,,34,"대구 중구 동성로 2 (동성로3가,동성로협성빌딩)",2014-03-25
동대구마케팅팀,D33679,상상대리점,D336790007,상상대리점 종로센터점,자가매장,,직영매장,T world 2.0,58,대구 중구 종로 17 (종로2가),2014-04-17
동대구마케팅팀,D33679,상상대리점,D336790011,상상대리점 방촌센터점,자가매장,,직영매장,T world 2.0,25,대구 동구 동촌로 204 (방촌동),2016-03-31
동대구마케팅팀,D33679,상상대리점,D336790018,상상대리점 월성CGV점,자가매장,,직영매장,T world 2.0,14,"대구 달서구 조암로 25, 101동 105호 (월성동,그루빌딩)",2018-03-15
동대구마케팅팀,D33679,상상대리점,D336790020,상상대리점 월서직영점,자가매장,,직영매장,T world 2.0,20,"대구 달서구 조암남로 42, 1층 111호 (월성동,트럼프스타)",2018-06-04
동대구마케팅팀,D33679,상상대리점,D336790024,상상대리점 신천직영점,자가매장,,직영매장,T world 2.0,50,"대구 동구 동부로 18-1, (신천동)",2019-03-18
동대구마케팅팀,D33679,상상대리점,D336790025,상상대리점 침산직영점,자가매장,,직영매장,T world 2.0,30,"대구 북구 침산남로 94, 101호 (침산동,다빈치타워)",2019-04-15
동대구마케팅팀,D33679,상상대리점,D336790026,상상대리점 교대직영점,자가매장,,외부위탁_운영,T world 2.0,40,"대구 남구 중앙대로 218, (대명동)",2019-05-21
동대구마케팅팀,D33679,상상대리점,D336790030,상상대리점 본점,자가매장,,직영매장,T Premium Store,70,"대구 중구 동성로1길 22, 1층 (덕산동,E.C.A.외국어학원)",2019-11-25
동대구마케팅팀,D33679,상상대리점,D336790031,상상대리점 북침산센터,자가매장,,외부위탁_운영,T Premium Store,25,"대구 북구 침산로 173, 101동 108호 (칠성동2가,시그니처빌딩)",2019-12-13
동대구마케팅팀,D33679,상상대리점,D336790034,상상대리점 시지광장센터,투자매장,MC00148186,직영매장,TPS 2.0,80,대구 수성구 달구벌대로 3206 (신매동) 1층,2021-03-10
동대구마케팅팀,D33679,상상대리점,D336790036,상상대리점 황금네거리점,투자매장,MC00122322,외부위탁_운영,T Premium Store,45,"대구 수성구 동대구로 98, (지산동,평강기업) 1층, 2층",2021-12-08
동대구마케팅팀,D33679,상상대리점,D336790037,상상대리점 범물센터,자가매장,,외부위탁_운영,T world 2.0,34,"대구 수성구 지범로 259, (범물동)",2021-12-14
동대구마케팅팀,D33679,상상대리점,D336790038,상상대리점 유천직영점,자가매장,,외부위탁_운영,T world 2.0,30,"대구 달서구 조암로 155, (대천동)",2021-12-14
동대구마케팅팀,D33679,상상대리점,D336790040,상상대리점 신월성센터,자가매장,,직영매장,T world 2.0,20,"대구 달서구 조암로 48, 1층 117호(월성동)",2022-03-22
동대구마케팅팀,D33679,상상대리점,D336790041,상상대리점 죽전역센터,자가매장,,외부위탁_운영,T world smart,30,"대구 달서구 와룡로 123, 301동 106호(감삼동,죽전역동화아이위시) 1층 코너",2022-03-23
동대구마케팅팀,D33679,상상대리점,D336790042,상상대리점 도매사무실(2),자가매장,,직영매장,T world smart,30,"대구 중구 중앙대로 390, 11층 (동성로3가)",2022-04-06
동대구마케팅팀,D33679,상상대리점,D336790043,상상대리점 장기직영점,자가매장,,직영매장,T world smart,30,"대구 달서구 장기로 243, (장기동)",2022-04-26
동대구마케팅팀,D33679,상상대리점,D336790044,상상대리점 대천점,자가매장,,외부위탁_운영,T world smart,50,"대구 달서구 진천로 120, 102동 (대천동) 상가동 102호, 103호",2022-06-13
동대구마케팅팀,D33679,상상대리점,D336790046,상상대리점 포항센터점,투자매장,MC00125070,직영매장,T Premium Store,25,"경북 포항시 북구 중앙상가길 32, (대흥동)",2023-02-16
동대구마케팅팀,D33679,상상대리점,D336790047,상상대리점 하양센터점,투자매장,MC00067216,직영매장,T Premium Store,90,"경북 경산시 하양읍 하양로 89, SK텔레콤 상상대리점 하양센터점",2023-09-13
동대구마케팅팀,D33679,상상대리점,D336790048,상상대리점 동호직영점,자가매장,,직영매장,T Premium Store,23,"대구 동구 안심로 358, 1층 (동호동) SG타워(세기타워) 1층 SK텔레콤",2023-10-18
동대구마케팅팀,D33679,상상대리점,D336790049,상상대리점 복현오거리점,투자매장,MC00066610,직영매장,T Premium Store,21,"대구 북구 검단로 3 (산격동) 3, 1층 113호 (산격점,복현오거리)",2024-02-19
동대구마케팅팀,D33679,상상대리점,D336790050,상상대리점 율하직영점,자가매장,,직영매장,T world 2.0,20,"대구 동구 안심로22길 50, 101,102호(율하동)",2024-12-12
동대구마케팅팀,D33679,상상대리점,D336790051,상상대리점 수성센터,투자매장,MC00135074,직영매장,T Premium Store,76,"대구 수성구 달구벌대로 2520, 1층 SK텔레콤",2024-12-16
동대구마케팅팀,D33679,상상대리점,D336790052,상상대리점 수성동아점,자가매장,,직영매장,T world 2.0,35,"대구 수성구 용학로 294, (범물동) 덕암빌딩",2025-11-13
동대구마케팅팀,D33698,온오프대리점,D336980003,온오프대리점 만촌점,자가매장,,외부위탁_운영,T world 2.0,14,대구 수성구 교학로 8 (만촌동),2016-03-25
동대구마케팅팀,D33698,온오프대리점,D336980005,온오프대리점 개통사무실,자가매장,,,T world 2.0,20,"대구 동구 안심로65길 34, (각산동) 신라섬유(주) 본관사무실",2016-04-14
동대구마케팅팀,D33703,안심대리점,D337030000,안심대리점 본점,자가매장,,직영매장,,15,"대구 동구 안심로41길 31, 1동 1호(신기동,신기모란2차상가)",2015-06-02
동대구마케팅팀,D33713,DK직영SHOP,D337130003,DK직영SHOP 월성점,자가매장,,외부위탁_운영,T world 2.0,14,"대구 달서구 학산로 14, A동 1층 114호(월성동,월성우방코아)",2015-11-26
동대구마케팅팀,D33713,DK직영SHOP,D337130004,DK직영SHOP 소매사무실,자가매장,,직영매장,T world 2.0,70,"대구 중구 대봉로 240, A동 217호(대봉동,대봉서한포레스트)",2015-11-26
동대구마케팅팀,D33713,DK직영SHOP,D337130006,DK직영SHOP 서변점,자가매장,,외부위탁_자영,T world 2.0,20,"대구 북구 호국로 219, 1층(서변동,대성골든프라자1차)",2015-12-04
동대구마케팅팀,D33713,DK직영SHOP,D337130009,DK직영SHOP 서재점,자가매장,,외부위탁_자영,T world 2.0,30,"대구 달성군 다사읍 서재로 134, 1층",2016-01-07
동대구마케팅팀,D33713,DK직영SHOP,D337130010,DK직영SHOP 대곡스포렉스점,자가매장,,외부위탁_자영,T world 2.0,20,"대구 달서구 도원로 36, 1층(도원동,대곡스포렉스)",2016-02-22
동대구마케팅팀,D33719,서라벌대리점,D337190000,서라벌대리점 본점,자가매장,,직영매장,T world 2.0,20,"경북 경주시 충효녹지길 62-2, (충효동)",2016-05-23
동대구마케팅팀,D33725,한별대리점,D337250000,한별대리점 내당본점,자가매장,,외부위탁_운영,T world 2.0,30,"대구 달서구 달구벌대로 1828, (두류동,한성약국)",2018-10-15
동대구마케팅팀,D33725,한별대리점,D337250001,한별대리점 (소매사무실),자가매장,,,,18,"대구 달서구 달구벌대로 1834, 성안오피스텔 1207호(두류동)",2018-10-15
동대구마케팅팀,D33725,한별대리점,D337250002,한별대리점 만촌점,자가매장,,외부위탁_운영,T world 2.0,10,"대구 수성구 동원로 135, 122동 108호 (만촌동,메트로팔레스1단지아파트)",2018-10-15
동대구마케팅팀,D33725,한별대리점,D337250003,한별대리점 화원명곡점,자가매장,,외부위탁_운영,T world 2.0,14,"대구 달성군 화원읍 화암로 71, (명곡프라자)",2018-11-05
동대구마케팅팀,D33725,한별대리점,D337250004,한별대리점 비산본점,자가매장,,외부위탁_운영,T world 2.0,30,"대구 서구 달서로 154, (비산동,안주영베이커리)",2018-12-12
동대구마케팅팀,D33725,한별대리점,D337250006,한별대리점 황금점,자가매장,,외부위탁_운영,T world 2.0,23,"대구 수성구 청수로35길 99, (황금동)",2018-12-12
동대구마케팅팀,D33725,한별대리점,D337250008,한별대리점 팔달시장점,자가매장,,외부위탁_운영,T Premium Store,27,"대구 북구 팔달로 173-1, 101호 (노원동3가,노원상가)",2019-04-17
동대구마케팅팀,D33725,한별대리점,D337250010,한별대리점 영대병원점,자가매장,,외부위탁_운영,T world 2.0,12,"대구 남구 중앙대로 145, (대명동,동제약국)",2020-01-29
동대구마케팅팀,D33725,한별대리점,D337250012,한별대리점  계대동문점,투자매장,MC00141603,외부위탁_운영,T Premium Store,40,"대구 달서구 계대동문로 12, 1층",2021-07-06
동대구마케팅팀,D33725,한별대리점,D337250015,한별대리점 범어센터,투자매장,MC00127718,외부위탁_운영,T Premium Store,57,"대구 수성구 달구벌대로 2400, (범어동)",2023-07-20
동대구마케팅팀,D33725,한별대리점,D337250016,한별대리점 본리점,자가매장,,외부위탁_운영,T world 2.0,16,"대구 달서구 당산로 39, 224동 109호(본리동)",2024-03-11
동대구마케팅팀,D33725,한별대리점,D337250019,한별대리점 청구점,자가매장,,내부위탁,T world 2.0,19,"대구 수성구 국채보상로 846, 107호(범어동,청구성조타운)",2025-01-08
동대구마케팅팀,D33725,한별대리점,D337250020,한별대리점 지산점,투자매장,MC00094366,내부위탁,T world 2.0,54,대구 수성구 용학로 200 (지산동),2025-09-15
동대구마케팅팀,D33725,한별대리점,D337250021,한별대리점 하양중앙점,자가매장,,직영매장,TPS 2.0,20,"경북 경산시 하양읍 하양로 77, ()",2025-12-22
동대구마케팅팀,D33728,이화대리점,D337280005,이화대리점 본점,자가매장,,직영매장,TPS 2.0,25,"경북 포항시 남구 대이로 171, (이동)",2023-04-18
동대구마케팅팀,D33731,대원대리점,D337310000,대원대리점(본점),자가매장,,직영매장,TPS 2.0,34,경북 포항시 남구 구룡포읍 호미로 209-1 .,2023-11-22
동대구마케팅팀,D33733,스마트대리점,D337330000,스마트대리점 본점,자가매장,,직영매장,T world 2.0,15,"경북 경주시 안강읍 안강중앙로 230-1, (티월드)",2024-12-03
동대구마케팅팀,D33733,스마트대리점,D337330002,스마트대리점 동천점,자가매장,,직영매장,T world 2.0,25,"경북 경주시 양정로 268, (동천동)",2025-02-24
경북마케팅팀,D33113,상주대리점,D331130000,상주대리점 본점,자가매장,,직영매장,,35,경북 상주시 상산로 238 (남성동),1992-12-12
경북마케팅팀,D33115,안동대리점,D331150000,안동대리점 본점,자가매장,,직영매장,,25,경북 안동시 제비원로 117-1 (당북동),1992-12-12
경북마케팅팀,D33139,경북의성대리점,D331390000,경북의성대리점 본점,자가매장,,직영매장,,25,경북 의성군 의성읍 중앙길 74 (),1994-10-13
경북마케팅팀,D33159,안동남부대리점,D331590000,안동남부대리점 본점,자가매장,,직영매장,,60,"경북 안동시 경북대로 406, 103호 (옥동,태산빌딩)",1995-08-21
경북마케팅팀,D33159,안동남부대리점,D331590018,안동남부대리점 경북도청점,자가매장,,직영매장,T Premium Store,29,"경북 안동시 풍천면 갈전리 1276번지 중앙타워 111,112호",2018-01-19
경북마케팅팀,D33159,안동남부대리점,D331590021,안동남부대리점 의성직영점,자가매장,,직영매장,TPS 2.0,27,"경북 의성군 의성읍 군청길 4, ()",2021-06-28
경북마케팅팀,D33198,영주제일대리점,D331980000,영주제일대리점 본점,자가매장,,직영매장,,25,경북 영주시 지천로 185 (가흥동),1996-06-01
경북마케팅팀,D33223,남부대리점,D332230040,남부대리점 1번가직영본점,자가매장,,직영매장,T world 2.0,32,경북 구미시 구미중앙로 81 (원평동) 현대보석,2012-08-02
경북마케팅팀,D33223,남부대리점,D332230041,남부대리점 베스트직영점,자가매장,,직영매장,T world cafe,71,"경북 구미시 구미중앙로 75, 124동 10호(원평동,동양빌딩)",2014-05-15
경북마케팅팀,D33223,남부대리점,D332230046,남부대리점 구평직영점,자가매장,,외부위탁_운영,T world 2.0,50,"경북 구미시 인동남길 174, (구평동)",2017-01-25
경북마케팅팀,D33223,남부대리점,D332230047,남부대리점 상모직영점,자가매장,,직영매장,T world 2.0,10,"경북 구미시 상사서로 84, 1층 (상모동,플러스빌딩)",2017-07-03
경북마케팅팀,D33223,남부대리점,D332230049,남부대리점 소매사무실,자가매장,,직영매장,T world smart,25,"경북 구미시 구미중앙로 75, 124동 1층 10호(원평동)",2017-12-05
경북마케팅팀,D33223,남부대리점,D332230052,남부대리점 SK 시청점,자가매장,,직영매장,TPS 2.0,70,"경북 구미시 송정대로 44, (송정동)",2020-08-05
경북마케팅팀,D33223,남부대리점,D332230053,남부대리점 나이스점,자가매장,,직영매장,TPS 2.0,35,"경북 구미시 문화로 1, (원평동)",2021-01-22
경북마케팅팀,D33223,남부대리점,D332230055,남부대리점 세종점,자가매장,,직영매장,T world 2.0,12,"경북 구미시 상모로8길 6, 1층 (상모동)",2021-07-19
경북마케팅팀,D33223,남부대리점,D332230057,남부대리점 김천점,투자매장,MC00090369,직영매장,구독특화,50,경북 김천시 시청로 79 (신음동),2024-02-20
경북마케팅팀,D33223,남부대리점,D332230058,남부대리점 혁신점,자가매장,,직영매장,T world 2.0,45,"경북 김천시 용전1로 48, 101호(율곡동)(율곡동,율곡동654)",2025-08-28
경북마케팅팀,D33281,문경새재대리점,D332810006,문경새재대리점 중앙직영점,자가매장,,직영매장,,20,경북 문경시 중앙로 119 (점촌동),2007-10-11
경북마케팅팀,D33281,문경새재대리점,D332810009,문경새재대리점 안동행복점,자가매장,,직영매장,T world 2.0,41,"경북 안동시 강남1길 67, 1층 (정하동)",2012-08-16
경북마케팅팀,D33301,구미동남대리점,D333010008,구미동남대리점 본점,자가매장,,직영매장,,28,"경북 구미시 사곡로 27 (사곡동,김밥천하,먹쇠골,지노PC방,풍년떡방앗)",2011-06-22
경북마케팅팀,D33377,왜관대리점,D333770006,왜관대리점 본점,자가매장,,직영매장,T world 2.0,40,경북 칠곡군 왜관읍 중앙로 147 삼양 Y Y 빌딩,2013-11-28
경북마케팅팀,D33434,중앙SK대리점,D334340001,중앙SK대리점 본점,자가매장,,직영매장,,18,경북 영주시 중앙로 73-1 (영주동),1997-05-04
경북마케팅팀,D33434,중앙SK대리점,D334340011,중앙SK대리점 옥동직영점,자가매장,,직영매장,,30,경북 안동시 광명로 178 (옥동),2004-02-12
경북마케팅팀,D33434,중앙SK대리점,D334340039,중앙SK대리점 스카이직영점,자가매장,,직영매장,,12,경북 안동시 퇴계로 96 (서부동),2009-12-22
경북마케팅팀,D33434,중앙SK대리점,D334340041,중앙SK대리점 중앙직영점,자가매장,,직영매장,,15,"경북 안동시 문화광장길 5, 101호(남문동)",2011-06-14
경북마케팅팀,D33434,중앙SK대리점,D334340046,중앙SK대리점 소매사무실,자가매장,,직영매장,T world 2.0,20,"대구 중구 명륜로26길 61, (대봉동)",2020-04-27
경북마케팅팀,D33434,중앙SK대리점,D334340047,중앙SK대리점 에이스점,자가매장,,직영매장,T world 2.0,15,"경북 구미시 인동36길 17, (구평동,보람빌딩)",2020-05-04
경북마케팅팀,D33434,중앙SK대리점,D334340050,중앙SK대리점 침산직영점,자가매장,,외부위탁_운영,T world 2.0,15,"대구 북구 침산로 128, (침산동)",2025-01-22
경북마케팅팀,D33435,스피드대리점,D334350000,스피드대리점 본점,자가매장,,직영매장,,30,"경북 문경시 점촌로 1 (점촌동,SK텔레콤(스피드대리점)",1997-05-07
경북마케팅팀,D33468,용상대리점,D334680006,용상대리점 본점,자가매장,,직영매장,T world 2.0,20,"경북 안동시 경동로 863, 1층 101호 (용상동)",2012-11-15
경북마케팅팀,D33512,SK군위대리점,D335120000,SK군위대리점 본점,자가매장,,직영매장,,13,대구 군위군 군위읍 중앙길 99 SK텔레콤 군위대리점,2003-10-13
경북마케팅팀,D33551,나비대리점,D335510019,나비대리점 본점,자가매장,,직영매장,,25,경북 상주시 삼백로 158 (서성동),2006-04-27
경북마케팅팀,D33573,솔로몬,D335730004,솔로몬(매장),,,,,0,"대구 서구 서대구로 299, 27호 (비산동)",2008-12-30
경북마케팅팀,D33573,솔로몬,D335730005,솔로몬대리점 상동점,자가매장,,외부위탁_운영,,14,대구 수성구 수성로 105 (상동),2009-03-05
경북마케팅팀,D33573,솔로몬,D335730007,솔로몬대리점 본점,자가매장,,외부위탁_운영,,58,"대구 북구 동북로 150 (산격동,대현빌딩)",2009-10-05
경북마케팅팀,D33573,솔로몬,D335730008,솔로몬대리점 영업지원팀,자가매장,,,,20,"대구 북구 칠곡중앙대로 286, 4층(태전동)",2009-10-12
경북마케팅팀,D33573,솔로몬,D335730009,솔로몬대리점 신암점,자가매장,,외부위탁_자영,,18,대구 동구 동북로 415 (신암동),2010-06-24
경북마케팅팀,D33573,솔로몬,D335730010,솔로몬대리점 방촌점,자가매장,,외부위탁_운영,T world 2.0,22,"대구 동구 동촌로 225, 1층 (방촌동,사랑빌딩)",2012-06-27
경북마케팅팀,D33573,솔로몬,D335730012,솔로몬대리점 태전점,자가매장,,외부위탁_자영,T world 2.0,35,"대구 북구 칠곡중앙대로 284, 1동 1호(태전동)",2013-09-03
경북마케팅팀,D33573,솔로몬,D335730019,솔로몬대리점 칠곡점,자가매장,,외부위탁_운영,T world 2.0,25,대구 북구 칠곡중앙대로 337 (태전동) 1층,2017-02-16
경북마케팅팀,D33573,솔로몬,D335730027,솔로몬대리점 옥계점,자가매장,,외부위탁_운영,T Premium Store,18,"경북 구미시 산호대로31길 19, (옥계동,인동농협4공단지점)",2019-06-05
경북마케팅팀,D33573,솔로몬,D335730028,솔로몬대리점 경산하양점,자가매장,,외부위탁_운영,T Premium Store,20,"경북 경산시 하양읍 대학로 1530, ()",2019-07-24
경북마케팅팀,D33573,솔로몬,D335730031,솔로몬대리점 평화시장점,자가매장,,외부위탁_운영,TPS 2.0,46,"대구 동구 아양로 35, (신암동,상가서편)",2020-05-28
경북마케팅팀,D33573,솔로몬,D335730032,솔로몬대리점 칠곡팔거역점,자가매장,,외부위탁_운영,TPS 2.0,32,"대구 북구 팔거천동로 214, (동천동)",2020-06-22
경북마케팅팀,D33586,동이,D335860002,동이대리점 서문직영점,자가매장,,외부위탁_운영,,30,경북 상주시 삼백로 140 (서문동),2009-02-04
경북마케팅팀,D33586,동이,D335860008,동이대리점 (사무실),자가매장,,,T world smart,60,경북 상주시 상산로 313 (서문동) 상주축협 2층,2015-06-19
경북마케팅팀,D33586,동이,D335860015,동이 북삼직영점,자가매장,,외부위탁_운영,T Premium Store,33,"경북 칠곡군 북삼읍 금오대로 280 10호, 11호, 12호",2018-04-10
경북마케팅팀,D33586,동이,D335860017,동이대리점 도매사무실,자가매장,,직영매장,T world 2.0,15,"경북 상주시 상산로 313, (서문동) 상주축협 2층",2019-12-20
경북마케팅팀,D33591,문경하늘,D335910002,문경하늘대리점 시청직영점,자가매장,,직영매장,T world 2.0,36,"경북 문경시 당교로 230-1 (모전동,동방빌딩)",2013-01-24
경북마케팅팀,D33610,친절대리점,D336100000,친절대리점 친절 본점,자가매장,,직영매장,,25,경북 문경시 매봉1길 13 (모전동),2009-11-24
경북마케팅팀,D33648,SK매우만족대리점,D336480000,SK매우만족대리점 본점,자가매장,,직영매장,,12,경북 예천군 예천읍 시장로 144,2011-07-26
경북마케팅팀,D33654,더블유대리점,D336540002,더블유대리점 도매사무실,자가매장,,,,105,"대구 중구 달구벌대로 2068, (남산동) 와이즈빌딩 5층",2012-07-12
경북마케팅팀,D33654,더블유대리점,D336540008,더블유 강촌지점,자가매장,,외부위탁_운영,T world 2.0,25,"대구 동구 화랑로80길 3, 101동 101호(방촌동,우방강촌하이츠) 제1층 101호",2013-02-13
경북마케팅팀,D33654,더블유대리점,D336540012,더블유대리점 동성로직영점,자가매장,,직영매장,T world 2.0,39,대구 중구 동성로1길 64 (봉산동),2016-11-10
경북마케팅팀,D33654,더블유대리점,D336540020,더블유대리점 검단코스트코점,자가매장,,외부위탁_운영,T Premium Store,20,"대구 북구 복현로 181, 1층 (복현동)",2019-08-07
경북마케팅팀,D33654,더블유대리점,D336540021,더블유대리점 시지직영점,자가매장,,외부위탁_운영,T Premium Store,20,"대구 수성구 달구벌대로641길 4, (신매동)",2019-08-30
경북마케팅팀,D33654,더블유대리점,D336540022,더블유대리점 원평점,자가매장,,직영매장,T Premium Store,34,"경북 구미시 구미중앙로 99, (원평동)",2019-09-18
경북마케팅팀,D33654,더블유대리점,D336540025,더블유대리점 중산직영점,자가매장,,외부위탁_운영,TPS 2.0,26,"경북 경산시 펜타힐즈2로 45, (중산동,힐즈스퀘어2) 107호,108호",2020-03-10
경북마케팅팀,D33654,더블유대리점,D336540031,더블유대리점 대구센터,자가매장,,직영매장,구독특화,45,대구 중구 동성로1길 42 (봉산동.SKT더블유대리점),2021-12-09
경북마케팅팀,D33654,더블유대리점,D336540033,더블유대리점 소매사무실,자가매장,,직영매장,T world smart,18,"대구 중구 동성로1길 45, 2층 (봉산동)",2022-12-14
경북마케팅팀,D33654,더블유대리점,D336540035,더블유대리점 각산점,자가매장,,외부위탁_운영,T world 2.0,18,"대구 동구 과학로 2, 101호(각산동)",2023-04-25
경북마케팅팀,D33654,더블유대리점,D336540036,더블유대리점 만촌센터,투자매장,"MC00163416 , MC00163482",직영매장,T world 2.0,32,"대구 수성구 달구벌대로 2606, 상가102(1라인)동 101호(만촌동,만촌역서한포레스트)",2023-04-27
경북마케팅팀,D33654,더블유대리점,D336540037,더블유대리점 도남센터,자가매장,,외부위탁_운영,TPS 2.0,23,"대구 북구 도남중앙로7길 6, 110호(국우동)",2023-10-17
경북마케팅팀,D33654,더블유대리점,D336540038,더블유대리점 서부센터,투자매장,"MC00135567 , MC00136010",직영매장,T world 2.0,39,"대구 달서구 월배로 473, 1층 105호 (송현동) 105호, 106호",2024-06-20
경북마케팅팀,D33654,더블유대리점,D336540039,더블유대리점 범물직영점,투자매장,MC00173786,직영매장,TPS 2.0,29,대구 수성구 지범로 181 (지산동) 제1층 105호,2025-08-12
경북마케팅팀,D33655,안동삼성대리점,D336550000,안동삼성대리점 본점,자가매장,,직영매장,,30,"경북 안동시 경동로 519, (태화동) 경동로 521",2012-07-25
경북마케팅팀,D33662,티엔에스,D336620000,티엔에스 본점,자가매장,,직영매장,,15,경북 구미시 인동중앙로 36-9 (인의동) 베스트아울렛,2013-02-26
경북마케팅팀,D33662,티엔에스,D336620003,티엔에스 진평점,자가매장,,직영매장,T Premium Store,26,경북 구미시 인동북길 79 1층 103.104호(인의동.섬계빌딩),2016-08-19
경북마케팅팀,D33675,SK역전대리점,D336750000,SK역전대리점 본점,자가매장,,직영매장,,20,경북 안동시 영가로 3 (운흥동),2013-10-25
경북마케팅팀,D33676,상주중앙대리점,D336760000,상주중앙대리점 본점,자가매장,,직영매장,,30,경북 상주시 상산로 263-1 (남성동),2014-02-17
경북마케팅팀,D33697,영풍,D336970000,영풍대리점 본점,자가매장,,직영매장,,8,경북 영주시 풍기읍 기주로 101 sk텔레콤,2015-03-30
경북마케팅팀,D33723,고객사랑,D337230000,고객사랑대리점 본점,자가매장,,직영매장,,25,경북 안동시 제비원로 185-1 (금곡동),2016-11-25
경북마케팅팀,D33724,가람대리점,D337240000,가람대리점(본점),자가매장,,직영매장,T Premium Store,35,"경북 영주시 대동로 22, 1층 (가흥동)",2018-06-19
경북마케팅팀,D33724,가람대리점,D337240002,가람대리점 송현점,자가매장,,직영매장,T Premium Store,30,"경북 안동시 경동로 289, (송현동,아세아농기계대리점)",2019-06-21
경북마케팅팀,D33729,드림라인,D337290002,드림라인 도매사무실,자가매장,,직영매장,T world smart,60,"대구 남구 대명로 101, 4층 (대명동)",2020-12-29
경북마케팅팀,D33729,드림라인,D337290008,드림라인 안지랑점,자가매장,,외부위탁_운영,T world 2.0,50,"대구 남구 대명로 154, (대명동) 1층",2023-05-22
경북마케팅팀,D33732,돌파대리점,D337320000,돌파대리점 효목점,자가매장,,내부위탁,T world 2.0,30,"대구 동구 아양로 238, (효목동)",2024-12-03
경북마케팅팀,D33732,돌파대리점,D337320002,돌파대리점 구미센터,자가매장,,직영매장,T world 2.0,26,"경북 구미시 야은로 765, (신평동)",2024-12-03
경북마케팅팀,D33732,돌파대리점,D337320003,돌파대리점 평리점,자가매장,,직영매장,T world 2.0,20,"대구 서구 평리로 243, 101동 1호(중리동)",2024-12-17
경북마케팅팀,D33732,돌파대리점,D337320004,돌파대리점 사수점,자가매장,,내부위탁,TPS 2.0,20,"대구 북구 한강로 56, (사수동)",2024-12-20
경북마케팅팀,D33732,돌파대리점,D337320005,돌파대리점 신암점,투자매장,MC00138784,외부위탁_자영,T world 2.0,40,"대구 동구 신암로 96-1, (신암동)",2025-01-07
경북마케팅팀,D33732,돌파대리점,D337320006,돌파대리점 수성점,자가매장,,직영매장,T world 2.0,30,"대구 수성구 수성로 322, (수성동2가) 1층",2025-12-22
경북마케팅팀,D33734,봉화대리점,D337340000,봉화대리점 본점(본점),자가매장,,직영매장,T world 2.0,17,"경북 봉화군 봉화읍 봉화로 1161-5, 1층 102호",2025-04-17
